ID,Alas#,Genus,Species,Species number,FWL,Wing measure,Site,Elevation,Date
41792,3641792,Mesothen,montana,2,15,from specimen,4,550,2/9/2004
40250,3640250,Hyalurga,fenestra,6,29,from specimen,24,525,6/2/2003
40255,3640255,Hyalurga,fenestra,6,35,from specimen,23,525,4/19/2003
41152,3641152,Hypocrita,reedia,7,31,from specimen,6,1115,5/2/2003
40817,3640817,Cosmosoma,watsoni,8,25,from specimen,8,1690,5/6/2003
42337,3642337,Cosmosoma,watsoni,8,26,from specimen,7,1710,2/15/2004
40598,3640598,Eucereon,sp nr consorta,11,20,from specimen,5,1070,5/23/2003
40446,3640446,Lampruna,rosea,14,27,from specimen,10,2090,5/19/2003
41779,3641779,Balbura,intervenata,14,25,from specimen,9,2140,2/12/2004
41811,3641811,Dycladia,correbioides,14,26,from specimen,6,1115,2/18/2004
42317,3642317,Amastus,sp,14,28,from specimen,8,1690,2/16/2004
42318,3642318,Lophocampa,modesta,14,27,from specimen,9,2140,2/12/2004
43152,3643152,Opharus,sp,14,27,from specimen,5,1070,2/18/2004
43154,3643154,Amastus,rumina,14,28,from specimen,5,1070,2/18/2004
43155,3643155,Virbia,zonata,14,29,from specimen,6,1115,2/18/2004
43156,3643156,Opharus,sp,14,29,from specimen,6,1115,2/18/2004
40447,3640447,Ormetica,contraria,15,27,from specimen,6,1115,5/22/2003
40448,3640448,Ochrodota,sp nr constellata,15,18,from specimen,6,1115,5/22/2003
40389,3640389,Melese,sp,16,30,from specimen,10,2090,4/25/2003
40390,3640390,Amaxia,bella,16,32,from specimen,10,2090,4/25/2003
40386,3640386,Amaxia,pyga,17,30,from specimen,11,2725,5/26/2003
40387,3640387,Idalus,quadratus,17,29,from specimen,12,2730,4/28/2003
40395,3640395,Idalus,critheis,17,24,from specimen,10,2090,4/25/2003
40396,3640396,Agylla,sp,17,26,from specimen,9,2140,4/24/2003
40397,3640397,Lophocampa,debilis,17,26,from specimen,9,2140,4/24/2003
40398,3640398,Eucereon,flavicaput,17,25,from specimen,11,2725,5/26/2003
40399,3640399,Baritius,sp nr eleuthera,17,23,from specimen,9,2140,5/18/2003
40400,3640400,Pseudaclytia,sp,17,28,from specimen,12,2730,4/28/2003
40401,3640401,Opharus,sp,17,28,from specimen,12,2730,4/28/2003
40402,3640402,Melese,incertus,17,28,from specimen,12,2730,4/28/2003
41186,3641186,Melese,flavimaculata,17,28,from specimen,12,2730,4/28/2003
41802,3641802,Ormetica,metallica,17,26,from specimen,9,2140,2/12/2004
41875,3641875,Eucereon,tesselata,17,24,from specimen,7,1710,2/15/2004
41876,3641876,Paranerita,lophosticta,17,25,from specimen,9,2140,2/12/2004
41877,3641877,"Halysidota""",sp nr cyclozonata,17,29,from specimen,9,2140,2/12/2004
41878,3641878,Parevia,metachryseis,17,27,from specimen,9,2140,2/12/2004
41879,3641879,Astralarctica,canalis,17,28,from specimen,12,2730,2/22/2004
41880,3641880,Robinsonia,sp nr polyplagia,17,25,from specimen,8,1690,3/17/2004
41881,3641881,Ctenuchini,sp,17,25,from specimen,9,2140,2/12/2004
41882,3641882,Illice,tessellata,17,25,from specimen,8,1690,2/16/2004
43162,3643162,Ichoria,lycone,17,28,from specimen,12,2730,3/24/2004
43167,3643167,Paranerita,diversa,17,29,from specimen,12,2730,3/24/2004
40384,3640384,Eucereon,sp,19,35,from specimen,10,2090,4/25/2003
40385,3640385,Epeiromulona,sp nr phelina,19,34,from specimen,7,1710,5/5/2003
40588,3640588,Rhabdatomis,sp nr cora,19,35,from specimen,12,2730,2/22/2004
40590,3640590,Illice,croesus,19,37,from specimen,10,2090,2/13/2004
41780,3641780,Talara,sp nr minynthadia,19,34,from specimen,9,2140,2/12/2004
41781,3641781,Pseudopharus,hades,19,36,from specimen,9,2140,2/12/2004
41800,3641800,Lycomorphodes,sordida,19,35,from specimen,9,2140,2/12/2004
43177,3643177,Notarctia,sp,19,36,from specimen,7,1710,3/18/2004
43178,3643178,Sychesia,dryas,19,36,from specimen,7,1710,3/18/2004
43206,3643206,Pelochyta,sp,19,36,from specimen,8,1690,3/17/2004
43231,3643231,CTENUCHINI,sp,19,38,from specimen,10,2090,2/13/2004
43236,3643236,Agylla,sp,19,33,from specimen,10,2090,3/11/2004
43237,3643237,'Hypercompe',conspersa,19,36,from specimen,10,2090,3/11/2004
43243,3643243,Tricypha,imperialis,19,36,from specimen,10,2090,3/11/2004
43244,3643244,Agaraea,inconspicua,19,37,from specimen,10,2090,3/11/2004
43246,3643246,Agaraea,boettgeri,19,36,from specimen,10,2090,2/13/2004
43247,3643247,Tricypha,sp,19,38,from specimen,10,2090,2/13/2004
43250,3643250,Pachydota,saduca,19,35,from specimen,10,2090,2/13/2004
43259,3643259,Virbia,sp nr zonata,19,33,from specimen,10,2090,3/11/2004
43260,3643260,Castrica,phalaenoides,19,37,from specimen,10,2090,3/11/2004
43265,3643265,Araeomolis,sp,19,37,from specimen,11,2725,2/23/2004
40404,3640404,Bernathonomus,piperita,20,23,from specimen,9,2140,4/24/2003
40407,3640407,Emurena,tripunctata,21,28,from specimen,9,2140,4/24/2003
40585,3640585,Sutonocrea,reducta,21,30,from specimen,9,2140,2/12/2004
40586,3640586,Agylla,subochracea,21,28,from specimen,9,2140,2/12/2004
40587,3640587,Bertholdia,fumida,21,27,from specimen,9,2140,2/12/2004
41799,3641799,Evius,cochenouri,21,28,from specimen,9,2140,2/12/2004
43301,3643301,Idalus,aleteria,21,29,from specimen,10,2090,3/11/2004
43302,3643302,Eucereon,rogersi,21,30,from specimen,10,2090,3/11/2004
43309,3643309,Ischnocampa,mundator,21,30,from specimen,10,2090,2/13/2004
43313,3643313,Neritos,cotes,21,32,from specimen,10,2090,3/11/2004
43319,3643319,Neritos,steniptera,21,27,from specimen,10,2090,3/11/2004
43320,3643320,Ischnocampa,sp nr admeta,21,29,from specimen,10,2090,3/11/2004
40494,3640494,Evius,hippia,23,12,from specimen,2,45,4/23/2003
41211,3641211,Melese,nigromaculata,23,13,from specimen,1,40,5/31/2003
41052,3641052,CTENUCHINI,sp,24,29,from specimen,10,2090,4/25/2003
41860,3641860,Melese,chiriquens,24,30,from specimen,7,1710,3/18/2004
40391,3640391,Scaptius,vinasia,25,40,from specimen,12,2730,4/28/2003
40392,3640392,Eucereon,formosa,25,40,from specimen,9,2140,5/18/2003
41181,3641181,Lophocampa,nimbifacta,25,37,from specimen,6,1115,5/22/2003
41769,3641769,Leucanopsis,flavorufa,25,37,from specimen,5,1070,2/18/2004
40437,3640437,Psilopleura,dolens,27,25,from specimen,7,1710,5/5/2003
40442,3640442,Lophocampa,montana,27,22,from specimen,9,2140,4/24/2003
41858,3641858,Leucanopsis,cirphis,27,24,from specimen,8,1690,3/17/2004
41859,3641859,Melese,binotata,27,26,from specimen,8,1690,3/17/2004
40424,3640424,Aclytia,ventralis,28,23,from specimen,4,550,4/19/2003
40394,3640394,Hemihyalea,schausi,29,40,from specimen,6,1115,5/2/2003
41770,3641770,Chrostosoma,tabascensis,29,42,from specimen,6,1115,2/19/2004
43344,3643344,CTENUCHINI,sp,29,29,from specimen,5,1070,3/14/2004
43345,3643345,Saurita,sp nr stryma,29,28,from specimen,5,1070,3/14/2004
40049,3640049,Sauritinia,sp nr dubiosa,31,21,from specimen,26,50,7/1/2003
40050,3640050,CTENUCHINI,sp,31,20,from specimen,26,50,6/29/2003
42174,3642174,Chrostosoma,destricta,32,22,from specimen,25,50,3/22/2004
40503,3640503,Correbia,affinis,33,19,from specimen,23,525,6/3/2003
40059,3640059,Correbidia,costinotata,34,17,from specimen,26,50,6/29/2003
40504,3640504,Correbia,sp,34,18,from specimen,3,525,4/20/2003
40505,3640505,Hyalomis,basilutea,34,19,from specimen,3,525,6/3/2003
42273,3642273,Cosmosoma,saron,35,18,from specimen,27,40,2/24/2004
42275,3642275,Paranerita,flexuosa,35,18,from specimen,29,45,3/16/2004
42274,3642274,Cosmosoma,galatea,36,20,from specimen,3,525,2/9/2004
40578,3640578,Dycladia,vitrina,37,20,from specimen,8,1690,5/29/2003
40567,3640567,Dycladia,sp nr vitrina,39,19,from specimen,3,525,6/2/2003
40568,3640568,Pachydota,punctata,39,18,from specimen,2,45,4/23/2003
40569,3640569,Leucopleura,cucadma,39,16,from specimen,3,525,4/19/2003
42220,3642220,Euagra,cerymica,39,16,from specimen,1,40,2/11/2004
42226,3642226,Pseudaclytia,sp,40,17,from specimen,27,40,3/21/2004
40439,3640439,Cosmosoma,chiriquensis,42,24,from specimen,5,1070,5/1/2003
40440,3640440,Lophocampa,sp nr propinqua,42,24,from specimen,9,2140,4/24/2003
40441,3640441,Epidesma,lenaeus,42,23,from specimen,5,1070,5/22/2003
41854,3641854,Epidesma,hypoleuca,42,23,from specimen,6,1115,2/18/2004
41855,3641855,Macrocneme,iole,42,23,from specimen,8,1690,2/16/2004
41856,3641856,Poliopastea,lamprosoma,42,23,from specimen,5,1070,2/18/2004
40102,3640102,Dysschema,leda,43,13,from specimen,26,50,6/29/2003
44179,3644179,Episcepsis,venata,43,13,from specimen,31,45,2/27/2004
40649,3640649,Cte,sp,45,14,from specimen,4,550,4/20/2003
40650,3640650,Epidesma,metapolia,45,14,from specimen,24,525,4/19/2003
41750,3641750,Aclytia,gynamorpha,45,15,from specimen,3,525,2/9/2004
42139,3642139,Diaxanthia,lucinia,45,14,from specimen,3,525,2/9/2004
42140,3642140,Dasysphinx,volatilis,45,14,from specimen,1,40,3/9/2004
41760,3641760,Mesothen,temperata,46,21,from specimen,3,525,2/10/2004
44196,3644196,Amastus,flavicauda,46,22,from specimen,31,45,2/9/2004
40477,3640477,Pseudapistosia,sp,48,14,from specimen,2,45,4/22/2003
42146,3642146,Agylla,sp,48,14,from specimen,4,550,3/22/2004
42147,3642147,Agylla,argentifera,48,15,from specimen,27,40,2/28/2004
44188,3644188,Aptilosia,crocea,48,13,from specimen,31,45,3/3/2004
40100,3640100,Agylla,sp,49,14,from specimen,26,50,6/29/2003
42266,3642266,Talara,cara,49,14,from specimen,29,45,3/20/2004
42267,3642267,Macroptila,monstralis,49,14,from specimen,1,40,3/9/2004
40174,3640174,Agylla,subcinerea,55,11,from specimen,26,50,6/29/2003
40222,3640222,Diarhabdosia,sp,55,11,from specimen,26,50,7/1/2003
42402,3642402,Agylla,sp,55,11,from specimen,1,40,3/16/2004
42403,3642403,CTENUCHINI,sp,55,12,from specimen,27,40,3/21/2004
42404,3642404,Aclytia,reducta,55,11,from specimen,30,45,3/9/2004
42405,3642405,Melese,columbiana,55,11,from specimen,29,45,3/27/2004
42153,3642153,Hemihyalea,celsicola,56,11,from specimen,2,45,3/12/2004
42154,3642154,Isanthrene,azia,56,11,from specimen,25,50,3/8/2004
42384,3642384,Epidesma,demonis,58,9,from specimen,30,45,3/16/2004
40223,3640223,Virbia,lehmanni,59,8,from specimen,26,50,6/29/2003
40224,3640224,Melese,sp,59,9,from specimen,26,50,7/1/2003
42393,3642393,Agaraea,semivitrea,60,7,from specimen,30,45,3/27/2004
42368,3642368,Bertholdia,sp nr philothera,61,9,from specimen,3,525,2/9/2004
42369,3642369,Agylla,sp nr submacula,61,7,from specimen,28,40,3/28/2004
42370,3642370,Agylla,poasia,61,7,from specimen,30,45,3/27/2004
42371,3642371,"Elysius""",melanoplaga,61,7,from specimen,28,40,2/24/2004
42372,3642372,Delphyre,hebes,61,7,from specimen,28,40,3/28/2004
42722,3642722,Metacrocea,postflava,61,7,from specimen,30,45,3/20/2004
42752,3642752,Cloesia,digna,61,6,from specimen,30,45,3/23/2004
41847,3641847,Melese,chozeba,62,23,from specimen,8,1690,2/16/2004
40784,3640784,Saurita,submacula,69,26,from specimen,10,2090,5/19/2003
41752,3641752,Hyaleucerea,panacea,69,21,from specimen,7,1710,5/30/2003
41778,3641778,Leucanopsis,sp nr stipulata,69,23,from specimen,9,2140,2/12/2004
42095,3642095,Neonerita,parapessa,69,26,from specimen,7,1710,2/15/2004
40433,3640433,Scena,potentia,71,38,from specimen,2,45,6/20/2003
40522,3640522,Mesothen,dorsimacula,73,17,from specimen,8,1690,5/29/2003
40523,3640523,Virbia,hypophaea,73,17,from specimen,8,1690,5/6/2003
40524,3640524,Epidesma,sp nr hypoleuca,73,17,from specimen,8,1690,5/6/2003
40525,3640525,Eucereon,rosa,73,16,from specimen,8,1690,5/29/2003
40526,3640526,CTENUCHINI,sp,73,18,from specimen,9,2140,4/24/2003
40527,3640527,Virbia,flavifurca,73,18,from specimen,9,2140,4/24/2003
40529,3640529,LITHOSIINAE,sp,74,15,from specimen,3,525,6/3/2003
42138,3642138,Homoeocera,gigantea,77,20,from specimen,4,550,2/10/2004
41119,3641119,CTENUCHINI,sp,78,28,from specimen,4,550,4/20/2003
40498,3640498,Phaenarete,diana,79,15,from specimen,23,525,4/19/2003
41263,3641263,Gymnelia,salvini,79,15,from specimen,4,550,6/3/2003
40511,3640511,Cosmosoma,sectinota,81,17,from specimen,1,40,5/31/2003
42133,3642133,Isanthrene,monticola,81,18,from specimen,3,525,3/21/2004
44187,3644187,Hyponerita,rhodocraspis,81,17,from specimen,31,45,6/29/2003
40103,3640103,Eucereon,sp,82,17,from specimen,26,50,6/29/2003
44183,3644183,Hypercompe,ecpantheroides,82,16,from specimen,31,45,2/27/2004
41273,3641273,Argyroeides,sp nr flavipes,83,25,from specimen,25,50,6/29/2003
41274,3641274,Prosopidia,sp,84,26,from specimen,22,525,4/22/2003
40476,3640476,Eucereon,pseudarchias,85,21,from specimen,24,525,6/2/2003
40682,3640682,Eucereon,myrtusa,87,14,from specimen,3,525,4/20/2003
40683,3640683,Opharus,roseistringa,87,15,from specimen,3,525,6/3/2003
40684,3640684,Xenosoma,nigromarginatum,87,12,from specimen,1,40,4/21/2003
40685,3640685,Pelochyta,cinerea,87,14,from specimen,10,2090,4/25/2003
40455,3640455,Epeiromulona,thysanata,88,20,from specimen,3,525,6/2/2003
40456,3640456,Symphlebia,suanoides,88,20,from specimen,4,550,6/3/2003
40460,3640460,Melese,dorothea,89,18,from specimen,3,525,4/19/2003
41121,3641121,Symphlebia,herbosa,90,21,from specimen,3,525,6/3/2003
41275,3641275,Amastus,episcostosia,90,21,from specimen,23,525,4/19/2003
42017,3642017,Dysschema,sp,92,20,from specimen,7,1710,5/30/2003
41277,3641277,Baritius,sp,93,17,from specimen,8,1690,5/6/2003
40548,3640548,Hemihyalea,sp,96,14,from specimen,3,525,6/3/2003
40451,3640451,Amastus,sp,99,16,from specimen,24,525,6/2/2003
40452,3640452,Abrochia,moza,99,17,from specimen,24,525,6/2/2003
40453,3640453,Cosmosoma,stibosticta,99,16,from specimen,23,525,4/19/2003
40454,3640454,Cosmosoma,hector,99,16,from specimen,4,550,4/20/2003
42173,3642173,Cosmosoma,pudica,99,17,from specimen,4,550,2/9/2004
41783,3641783,Cosmosoma,sitiona,100,22,from specimen,9,2140,2/12/2004
41784,3641784,Cosmosoma,joavana,100,22,from specimen,9,2140,2/12/2004
41798,3641798,Loxophlebia,sp,100,23,from specimen,9,2140,2/12/2004
42289,3642289,Cosmosoma,semifulva,100,22,from specimen,9,2140,2/12/2004
42290,3642290,Correbia,obtusa,100,22,from specimen,9,2140,2/12/2004
42291,3642291,Macrocneme,sp,100,23,from specimen,9,2140,2/12/2004
42293,3642293,Eucereon,cimonis,100,22,from specimen,10,2090,3/11/2004
42294,3642294,Eucereon,relegata,100,23,from specimen,11,2725,3/25/2004
42295,3642295,Symphlebia,tesselata,100,22,from specimen,10,2090,3/11/2004
42296,3642296,Eucereon,zamorae,100,22,from specimen,10,2090,3/11/2004
42297,3642297,Eucereon,maja,100,22,from specimen,9,2140,2/12/2004
42111,3642111,Eucereon,sp,101,14,from specimen,5,1070,3/14/2004
44191,3644191,Aclytia,albistriga,102,17,from specimen,31,45,4/19/2003
41188,3641188,Agaraea,sp nr inconspicua,103,25,estimated,9,2140,4/24/2003
41189,3641189,Agaraea,minuta,103,25,estimated,9,2140,4/24/2003
41190,3641190,Eucereon,obscura,103,24,estimated,9,2140,4/24/2003
41359,3641359,CTENUCHINI,sp,103,27,estimated,9,2140,4/24/2003
41360,3641360,Correbidia,sp nr terminalis,103,28,estimated,9,2140,4/24/2003
41433,3641433,Correbidia,germana,103,24,estimated,10,2090,4/25/2003
41434,3641434,Eucereon,discolor,103,26,estimated,10,2090,4/25/2003
41597,3641597,Eucereon,decora,103,24,from specimen,10,2090,5/19/2003
41626,3641626,Bertholdia,philothera,103,23,from specimen,10,2090,5/19/2003
41627,3641627,Neonerita,marpessa,103,24,from specimen,10,2090,5/19/2003
41628,3641628,Neonerita,sp,103,26,from specimen,10,2090,5/19/2003
41632,3641632,Paranerita,kennedyi,103,28,from specimen,10,2090,5/19/2003
41633,3641633,Amaxia,pardalis,103,26,from specimen,10,2090,5/19/2003
41634,3641634,Amaxia,beata,103,24,from specimen,10,2090,5/19/2003
40457,3640457,Scaptius,submarginalis,104,20,from specimen,24,525,4/19/2003
40536,3640536,Hypocrita,drucei,105,17,from specimen,3,525,4/19/2003
40541,3640541,Hyalurga,sixola,106,26,from specimen,3,525,4/19/2003
41265,3641265,Dysschema,magdala,107,21,from specimen,23,525,6/3/2003
41266,3641266,Dysschema,perplexa,107,21,from specimen,3,525,4/19/2003
42244,3642244,Dysschema,leucophaea,107,24,from specimen,3,525,3/21/2004
42245,3642245,Holophaea,gentilicia,107,22,from specimen,1,40,3/9/2004
40570,3640570,"Halysidota""",sp nr grandis,109,21,from specimen,6,1115,5/22/2003
42218,3642218,Eupseudosoma,aberrans,109,21,from specimen,4,550,2/10/2004
40922,3640922,Idalus,dares,111,14,from specimen,1,40,4/18/2003
40923,3640923,Ormetica,maura,111,13,from specimen,3,525,4/19/2003
40924,3640924,Cratoplastis,diluta,111,14,from specimen,3,525,6/3/2003
40925,3640925,Viviennea,salma,111,13,from specimen,23,525,4/19/2003
42067,3642067,Ormetica,taniala,111,13,from specimen,3,525,2/9/2004
42068,3642068,Viviennea,tegyra,111,13,from specimen,1,40,2/11/2004
40720,3640720,Parathyris,cedonulli,112,14,from specimen,3,525,4/19/2003
40721,3640721,Abrochocis,esperanza,112,15,from specimen,3,525,6/2/2003
40722,3640722,Talara,sp,112,13,from specimen,4,550,6/2/2003
40723,3640723,Talara,rugipennis,112,14,from specimen,24,525,4/19/2003
40724,3640724,Talara,synnephala,112,14,from specimen,22,525,4/23/2003
40725,3640725,LITHOSIINAE,sp,112,15,from specimen,3,525,6/2/2003
40726,3640726,Odozana,inconspicua,112,15,from specimen,4,550,4/19/2003
40727,3640727,Illice,sp,112,14,from specimen,23,525,4/19/2003
40728,3640728,Prepiella,pexicera,112,15,from specimen,4,550,4/20/2003
40729,3640729,Lycomorphodes,correbioides,112,14,from specimen,3,525,4/20/2003
40730,3640730,CTENUCHINI,sp,112,14,from specimen,1,40,5/31/2003
40731,3640731,Leucanopsis,sp nr strigulosa,112,14,from specimen,4,550,4/20/2003
40732,3640732,Agylla,submacula,112,15,from specimen,4,550,4/20/2003
40733,3640733,Agylla,sp nr subcinerea,112,13,from specimen,3,525,4/20/2003
42062,3642062,Talara,sp,112,15,from specimen,2,45,3/12/2004
42063,3642063,Abrochocis,sp,112,14,from specimen,2,45,3/12/2004
42598,3642598,Eucereon,sp nr flavicaput,112,15,from specimen,1,40,2/11/2004
42648,3642648,Semaeopus,dentilinea,112,14,from specimen,4,550,3/22/2004
42649,3642649,Cyclophora,coecaria,112,13,from specimen,3,525,3/21/2004
42650,3642650,Oxydia,trychiata,112,14,from specimen,3,525,3/21/2004
42651,3642651,Oxydia,augusta,112,15,from specimen,3,525,3/21/2004
42652,3642652,Oxydia,translinquens,112,14,from specimen,4,550,2/9/2004
42653,3642653,Ira,somnolenta,112,14,from specimen,4,550,2/9/2004
42080,3642080,Sphacelodes,vulneraria,113,11,from specimen,30,45,3/20/2004
42081,3642081,"Isochromodes""",atristicta,113,10,from specimen,30,45,3/20/2004
40160,3640160,Psaliodes,infantula,118,14,from specimen,26,50,6/29/2003
40151,3640151,Oenoptila,costata,119,11,from specimen,26,50,7/1/2003
42075,3642075,"Petelia""",purpurea,119,12,from specimen,28,40,3/12/2004
42076,3642076,Oxydia,masthala,119,12,from specimen,28,40,3/21/2004
42077,3642077,Macaria,ostia,119,12,from specimen,26,50,3/4/2004
42078,3642078,"Cyphoedma""",transvolutata,119,12,from specimen,26,50,3/4/2004
44126,3644126,Pityeja,histrionaria,119,14,from specimen,31,45,6/19/2003
41117,3641117,Furcijuxta,sp nr mathilda,120,20,from specimen,2,45,5/25/2003
41993,3641993,Chloropteryx,opalaria,120,19,from specimen,1,40,2/11/2004
41994,3641994,Rhinura,populonia,120,18,from specimen,1,40,2/11/2004
41748,3641748,Spargania,cultata,121,17,from specimen,3,525,6/2/2003
44161,3644161,Euphyia,subguttaria,123,12,from specimen,31,45,4/18/2003
44162,3644162,Hydriomena,multangulata,123,12,from specimen,31,45,4/17/2003
44163,3644163,Perizoma,basiplaga,123,11,from specimen,31,45,4/18/2003
44164,3644164,Psaliodes,aurativena,123,12,from specimen,31,45,6/29/2003
42050,3642050,Psaliodes,plumbescens,125,11,from specimen,26,50,3/19/2004
42051,3642051,Perizoma,cinerolimitata,125,10,from specimen,30,45,3/27/2004
40138,3640138,Psaliodes,confusa,126,13,from specimen,26,50,6/29/2003
40848,3640848,Eupithecia,sp,126,16,from specimen,24,525,6/2/2003
40136,3640136,Eupithecia,sp,127,15,from specimen,26,50,7/1/2003
40137,3640137,Euphyia,psyra,127,14,from specimen,26,50,7/1/2003
41905,3641905,Macaria,regulata,127,14,from specimen,5,1070,3/14/2004
41906,3641906,Psaliodes,tripita,127,14,from specimen,29,45,3/20/2004
41907,3641907,Tricentra,gavisata,127,14,from specimen,30,45,3/20/2004
40135,3640135,Leuciris,beneciliata,129,16,from specimen,26,50,6/29/2003
42091,3642091,Eusarca,nemora,129,16,from specimen,26,50,3/13/2004
40041,3640041,Cratoptera,vestianaria,133,20,from specimen,26,50,6/29/2003
41759,3641759,Macaria,sp,133,20,from specimen,4,550,2/10/2004
40006,3640006,Oxydia,apidania,136,16,from specimen,26,50,6/29/2003
40009,3640009,Mimosema,sp nr sobrina,137,16,from specimen,26,50,6/29/2003
40010,3640010,Psaliodes,samaniegoi,137,15,from specimen,26,50,6/29/2003
40489,3640489,Chloropteryx,dealbata,137,14,from specimen,3,525,4/20/2003
41127,3641127,Eois,zorra,137,14,from specimen,2,45,5/25/2003
41128,3641128,Oenoptila,recessa,137,16,from specimen,2,45,5/25/2003
41918,3641918,Ischnopteris,bryifera,137,14,from specimen,28,40,2/28/2004
40903,3640903,"Cyclophora""",albidiscata,138,17,from specimen,2,45,5/25/2003
42012,3642012,Psaliodes,sp nr catenifera,138,18,from specimen,30,45,3/20/2004
44153,3644153,Oospila,albicoma,138,16,from specimen,31,45,5/21/2003
40909,3640909,Synchlora,expulsata,140,18,from specimen,10,2090,5/19/2003
40910,3640910,Synchlora,pulchrifimbria,140,19,from specimen,9,2140,5/18/2003
40911,3640911,Phrudocentra,pupillata,140,19,from specimen,9,2140,5/18/2003
40912,3640912,Oospila,sp nr ecuadorata,140,19,from specimen,9,2140,4/24/2003
40913,3640913,Chloropteryx,punctilinea,140,20,from specimen,9,2140,4/24/2003
40914,3640914,Synchlora,sp nr gerularia,140,18,from specimen,10,2090,5/19/2003
40915,3640915,Simopteryx,torquataria,140,19,from specimen,9,2140,4/24/2003
40916,3640916,Perigramma,vicina,140,20,from specimen,9,2140,4/24/2003
40917,3640917,Perigramma,repetita,140,19,from specimen,9,2140,4/24/2003
41132,3641132,Sericoptera,chiffa,140,18,from specimen,9,2140,4/24/2003
41133,3641133,Nematocampa,completa,140,20,from specimen,9,2140,4/24/2003
41134,3641134,Paragonia,tasima,140,19,from specimen,9,2140,4/24/2003
41135,3641135,Cimicodes,ferruginea,140,19,from specimen,9,2140,4/24/2003
41614,3641614,Physocleora,sp,140,19,from specimen,10,2090,5/19/2003
41615,3641615,Eusarca,minucia,140,19,from specimen,10,2090,5/19/2003
41616,3641616,Opisthoxia,phrynearia,140,19,from specimen,10,2090,5/19/2003
41617,3641617,Cyclomia,disparilis,140,19,from specimen,10,2090,5/19/2003
41618,3641618,Patalene,sp,140,19,from specimen,10,2090,5/19/2003
41629,3641629,Macaria,festivata,140,19,from specimen,10,2090,5/19/2003
41630,3641630,Macaria,sp nr gambarina,140,20,from specimen,10,2090,5/19/2003
41727,3641727,Macaria,delia,140,19,from specimen,9,2140,4/24/2003
41728,3641728,Macaria,gambarina,140,18,from specimen,9,2140,4/24/2003
41731,3641731,"Cyclophora""",proconcava,140,19,from specimen,9,2140,5/18/2003
41733,3641733,Glena,agria,140,18,from specimen,10,2090,4/25/2003
41734,3641734,Pherotesia,potens,140,19,from specimen,10,2090,4/25/2003
43600,3643600,Iridopsis,herse,140,19,from specimen,9,2140,2/12/2004
43601,3643601,Idaea,fervens,140,19,from specimen,9,2140,2/12/2004
43602,3643602,Ballantiophora,gibbiferata,140,19,from specimen,9,2140,2/12/2004
43603,3643603,Melanolophia,sp,140,19,from specimen,9,2140,2/12/2004
43604,3643604,Eois,sp,140,19,from specimen,9,2140,2/12/2004
43605,3643605,Glena,subannulata,140,19,from specimen,9,2140,2/12/2004
43606,3643606,Physocleora,pauper,140,19,from specimen,9,2140,2/12/2004
43607,3643607,Eupithecia,discordans,140,20,from specimen,9,2140,2/12/2004
43608,3643608,Eusarca,flexilis,140,20,from specimen,9,2140,2/12/2004
43609,3643609,Lobocleta,subcincta,140,20,from specimen,9,2140,2/12/2004
43610,3643610,"Thysanopyga""",nicetaria,140,20,from specimen,9,2140,2/12/2004
43611,3643611,Pleuroprucha,hypoxia,140,20,from specimen,9,2140,2/12/2004
43612,3643612,Psaliodes,sp,140,20,from specimen,9,2140,2/12/2004
43613,3643613,Idaea,speciosa,140,20,from specimen,9,2140,2/12/2004
43614,3643614,Tricentrogyna,deportata,140,21,from specimen,9,2140,2/12/2004
43615,3643615,Hemipterodes,rotundata,140,18,from specimen,9,2140,2/12/2004
43616,3643616,Physocleora,sp nr enana,140,18,from specimen,9,2140,2/12/2004
43617,3643617,Leucula,orates,140,18,from specimen,9,2140,2/12/2004
43618,3643618,Pyrinia,itunaria,140,19,from specimen,9,2140,2/12/2004
43619,3643619,Hagnagora,sp nr anicata,140,19,from specimen,9,2140,2/12/2004
43620,3643620,Opisthoxia,uncinata,140,19,from specimen,9,2140,2/12/2004
43621,3643621,Semiothisa,salsa,140,20,from specimen,9,2140,2/12/2004
43622,3643622,Oxydia,sp nr subdecorata,140,20,from specimen,9,2140,2/12/2004
43623,3643623,Graphidipus,abraxaria,140,20,from specimen,9,2140,2/12/2004
43624,3643624,Herbita group 2,reducta,140,20,from specimen,9,2140,2/12/2004
43625,3643625,Erebochlora,sp nr tesserulata,140,20,from specimen,9,2140,2/12/2004
43626,3643626,Synnomos,firmamentaria,140,20,from specimen,9,2140,2/12/2004
43635,3643635,Leucula,festiva,140,19,from specimen,9,2140,2/12/2004
43636,3643636,Thysanopyga,sp nr nigricosta,140,20,from specimen,9,2140,2/12/2004
43637,3643637,Semaeopus,dentilinea,140,21,from specimen,9,2140,2/12/2004
43640,3643640,Cyclophora,coecaria,140,18,from specimen,10,2090,2/13/2004
43641,3643641,Phyllodonta,succedens,140,19,from specimen,10,2090,2/13/2004
43642,3643642,Phyllodonta,cataphracta,140,21,from specimen,10,2090,2/13/2004
43646,3643646,Oxydia,trychiata,140,19,from specimen,10,2090,2/13/2004
40023,3640023,Oxydia,augusta,143,15,from specimen,26,50,7/1/2003
40024,3640024,Oxydia,geminata,143,16,from specimen,26,50,6/29/2003
41979,3641979,Oxydia,translinquens,143,16,from specimen,25,50,3/22/2004
43649,3643649,Ira,somnolenta,143,15,from specimen,30,45,3/20/2004
40019,3640019,Sphacelodes,vulneraria,144,15,from specimen,26,50,6/29/2003
40020,3640020,"Isochromodes""",atristicta,144,15,from specimen,26,50,6/29/2003
40021,3640021,Psaliodes,infantula,144,16,from specimen,26,50,6/29/2003
40027,3640027,Oenoptila,costata,144,16,from specimen,26,50,6/29/2003
40028,3640028,"Petelia""",purpurea,144,15,from specimen,26,50,6/29/2003
42056,3642056,Lobopola,cimarrona,145,9,from specimen,4,550,3/22/2004
40211,3640211,Oxydia,masthala,146,9,from specimen,26,50,6/29/2003
41077,3641077,Macaria,ostia,147,13,from specimen,4,550,6/3/2003
40936,3640936,"Cyphoedma""",transvolutata,149,16,from specimen,9,2140,4/24/2003
40937,3640937,Tarma,theodora,149,15,from specimen,6,1115,5/2/2003
40938,3640938,Pityeja,histrionaria,149,16,from specimen,6,1115,5/23/2003
40939,3640939,Epimecis,diffundaria,149,16,from specimen,6,1115,5/23/2003
40940,3640940,Iridopsis,litharia,149,16,from specimen,5,1070,5/23/2003
40941,3640941,Furcijuxta,sp nr mathilda,149,15,from specimen,5,1070,5/23/2003
40942,3640942,Chloropteryx,opalaria,149,15,from specimen,6,1115,5/22/2003
40943,3640943,Tachychlora,flavidisca,149,15,from specimen,4,550,4/19/2003
40944,3640944,Hagnagora,ephestris,149,15,from specimen,6,1115,5/23/2003
40945,3640945,Hagnagora,mortipax,149,15,from specimen,6,1115,5/23/2003
40946,3640946,Rhinura,populonia,149,15,from specimen,6,1115,5/2/2003
41901,3641901,Brabirodes,cerevia,149,15,from specimen,5,1070,2/18/2004
41902,3641902,Dyspteris,breviataria,149,15,from specimen,5,1070,3/14/2004
43665,3643665,Spargania,cultata,149,15,from specimen,5,1070,2/19/2004
40954,3640954,Euphyia,subguttaria,150,18,from specimen,5,1070,5/1/2003
40955,3640955,Hydriomena,multangulata,150,20,from specimen,9,2140,4/24/2003
40956,3640956,Perizoma,basiplaga,150,18,from specimen,10,2090,4/25/2003
40957,3640957,Psaliodes,aurativena,150,17,from specimen,6,1115,5/22/2003
40958,3640958,Psaliodes,cynthia,150,19,from specimen,10,2090,4/25/2003
41915,3641915,Perizoma,cinerolimitata,150,18,from specimen,6,1115,2/18/2004
41916,3641916,Psaliodes,confusa,150,19,from specimen,6,1115,2/19/2004
41917,3641917,Eupithecia,sp,150,18,from specimen,6,1115,2/18/2004
43701,3643701,Euphyia,psyra,150,19,from specimen,5,1070,3/14/2004
43702,3643702,Macaria,regulata,150,19,from specimen,5,1070,3/14/2004
43703,3643703,Psaliodes,tripita,150,17,from specimen,5,1070,3/14/2004
43704,3643704,Eois,sp nr or = pararussearia,150,18,from specimen,5,1070,3/14/2004
43705,3643705,Leuciris,beneciliata,150,18,from specimen,5,1070,3/14/2004
43706,3643706,"Iridopsis""",validaria,150,20,from specimen,5,1070,3/14/2004
43715,3643715,Eusarca,nemora,150,20,from specimen,5,1070,2/18/2004
43723,3643723,Cratoptera,vestianaria,150,19,from specimen,6,1115,3/15/2004
43738,3643738,Macaria,sp,150,20,from specimen,7,1710,2/15/2004
44116,3644116,Oxydia,apidania,150,19,from specimen,31,45,3/17/2004
40076,3640076,Mimosema,sp nr sobrina,152,13,from specimen,26,50,7/1/2003
40077,3640077,Psaliodes,samaniegoi,152,14,from specimen,26,50,6/29/2003
40078,3640078,Acrosemia,vulpecularia,152,13,from specimen,26,50,6/29/2003
40079,3640079,Chloropteryx,dealbata,152,13,from specimen,26,50,6/29/2003
40080,3640080,Eois,zorra,152,14,from specimen,26,50,7/1/2003
40081,3640081,"Thysanopyga""",casperia,152,14,from specimen,25,50,6/29/2003
40082,3640082,Oxydia,distichata,152,14,from specimen,26,50,7/1/2003
40083,3640083,Ischnopteris,bryifera,152,14,from specimen,25,50,6/29/2003
40087,3640087,Hammaptera,vanonaria,152,13,from specimen,26,50,6/29/2003
40088,3640088,Psaliodes,sp nr catenifera,152,14,from specimen,26,50,6/29/2003
40283,3640283,Oospila,albicoma,152,14,from specimen,1,40,5/31/2003
40284,3640284,Synchlora,expulsata,152,13,from specimen,4,550,4/20/2003
40285,3640285,Synchlora,pulchrifimbria,152,15,from specimen,4,550,4/20/2003
40286,3640286,Phrudocentra,pupillata,152,12,from specimen,1,40,4/21/2003
40287,3640287,Oospila,sp nr ecuadorata,152,13,from specimen,22,525,4/23/2003
40288,3640288,Chloropteryx,punctilinea,152,13,from specimen,2,45,4/23/2003
40289,3640289,Synchlora,sp nr gerularia,152,14,from specimen,1,40,4/21/2003
40378,3640378,Simopteryx,torquataria,152,14,from specimen,1,40,4/18/2003
40379,3640379,Perigramma,vicina,152,14,from specimen,24,525,4/19/2003
42442,3642442,Perigramma,repetita,152,14,from specimen,1,40,2/26/2004
42443,3642443,Sericoptera,chiffa,152,15,from specimen,28,40,3/12/2004
42444,3642444,Nematocampa,completa,152,13,from specimen,30,45,3/9/2004
42445,3642445,Epimecis,fraternaria,152,13,from specimen,1,40,3/9/2004
42446,3642446,Paragonia,tasima,152,15,from specimen,2,45,2/27/2004
42447,3642447,Paragonia,sp nr cruraria,152,14,from specimen,26,50,3/19/2004
42448,3642448,Cimicodes,ferruginea,152,13,from specimen,25,50,3/8/2004
42449,3642449,Physocleora,sp,152,14,from specimen,26,50,3/19/2004
42450,3642450,"Cyclophora""",nodigera,152,14,from specimen,28,40,3/21/2004
42451,3642451,Eusarca,minucia,152,14,from specimen,2,45,3/21/2004
42452,3642452,Opisthoxia,phrynearia,152,15,from specimen,30,45,3/27/2004
42453,3642453,Cyclomia,disparilis,152,14,from specimen,30,45,3/23/2004
42454,3642454,Semaeopus,caparonensis,152,13,from specimen,1,40,3/16/2004
42455,3642455,Patalene,sp nr asychisaria,152,13,from specimen,29,45,3/23/2004
42456,3642456,Patalene,sp,152,14,from specimen,2,45,3/12/2004
42457,3642457,Patalene,aenetusaria,152,15,from specimen,30,45,3/23/2004
42458,3642458,Macaria,festivata,152,15,from specimen,27,40,2/27/2004
42459,3642459,Macaria,sp nr gambarina,152,14,from specimen,30,45,3/20/2004
42460,3642460,Macaria,rigidata,152,14,from specimen,28,40,3/21/2004
42461,3642461,Macaria,delia,152,15,from specimen,4,550,2/10/2004
42462,3642462,Macaria,gambarina,152,14,from specimen,30,45,3/20/2004
42463,3642463,Thysanopyga,abdominaria,152,15,from specimen,26,50,3/19/2004
42741,3642741,Glena,agria,152,16,from specimen,26,50,3/22/2004
42746,3642746,Iridopsis,herse,152,14,from specimen,25,50,3/22/2004
42747,3642747,Aplogompha,argentilinea,152,13,from specimen,25,50,3/22/2004
40374,3640374,Idaea,fervens,153,16,from specimen,1,40,5/31/2003
40375,3640375,Ballantiophora,gibbiferata,153,16,from specimen,22,525,4/23/2003
40376,3640376,Melanolophia,sp,153,16,from specimen,2,45,4/22/2003
42485,3642485,Thyrinteina,arnobia,153,17,from specimen,26,50,3/8/2004
42487,3642487,Eois,sp,153,16,from specimen,1,40,3/9/2004
42748,3642748,Glena,subannulata,153,16,from specimen,26,50,3/22/2004
44176,3644176,Psaliodes,sp nr cronia,153,13,from specimen,31,45,4/17/2003
44177,3644177,Isochromodes,sp,153,15,from specimen,31,45,4/17/2003
40089,3640089,Physocleora,pauper,154,22,from specimen,26,50,6/29/2003
40075,3640075,Eupithecia,sp,156,10,from specimen,26,50,6/29/2003
42489,3642489,Eusarca,flexilis,156,8,from specimen,26,50,3/8/2004
42495,3642495,Lobocleta,subcincta,156,10,from specimen,2,45,3/12/2004
42496,3642496,"Thysanopyga""",nicetaria,156,11,from specimen,2,45,2/27/2004
42497,3642497,Pleuroprucha,hypoxia,156,11,from specimen,1,40,3/16/2004
42498,3642498,Idaea,sp,156,12,from specimen,2,45,3/21/2004
42499,3642499,Psaliodes,sp,156,11,from specimen,3,525,3/21/2004
42500,3642500,Idaea,speciosa,156,11,from specimen,3,525,3/21/2004
42501,3642501,Tricentrogyna,deportata,156,10,from specimen,1,40,2/26/2004
42502,3642502,Physocleora,sp nr enana,156,11,from specimen,30,45,3/9/2004
42503,3642503,Leucula,lucidaria,156,10,from specimen,26,50,3/19/2004
42504,3642504,Hagnagora,sp nr anicata,156,10,from specimen,2,45,2/27/2004
42505,3642505,Opisthoxia,asopis,156,10,from specimen,4,550,3/22/2004
42506,3642506,Opisthoxia,uncinata,156,10,from specimen,1,40,5/21/2003
42743,3642743,Semiothisa,salsa,156,11,from specimen,3,525,3/21/2004
42406,3642406,Graphidipus,abraxaria,159,9,from specimen,2,45,3/12/2004
40297,3640297,Herbita group 2,reducta,161,14,from specimen,7,1710,5/5/2003
40298,3640298,Erebochlora,sp nr tesserulata,161,14,from specimen,7,1710,5/5/2003
40299,3640299,Synnomos,firmamentaria,161,14,from specimen,9,2140,5/18/2003
40301,3640301,Opisthoxia,cluana,161,14,from specimen,6,1115,5/22/2003
40302,3640302,Leucula,festiva,161,14,from specimen,8,1690,5/29/2003
40303,3640303,Psaliodes,sp nr lignosata,161,14,from specimen,8,1690,5/29/2003
40304,3640304,Pero,sp,161,13,from specimen,6,1115,5/2/2003
40305,3640305,Pero,derecha,161,13,from specimen,6,1115,5/22/2003
40306,3640306,Pero,tabitha,161,13,from specimen,5,1070,5/22/2003
40307,3640307,Pero,sp,161,13,from specimen,8,1690,5/29/2003
40308,3640308,Pero,heralda,161,13,from specimen,10,2090,4/25/2003
40309,3640309,NACOPHORINI,sp,161,13,from specimen,10,2090,4/25/2003
42532,3642532,Triphosa,gavara,161,15,from specimen,8,1690,2/16/2004
42533,3642533,Hagnagora,marionae,161,12,from specimen,7,1710,2/15/2004
42534,3642534,Spargania,privernaria,161,14,from specimen,7,1710,3/18/2004
42535,3642535,Spargania,sp,161,13,from specimen,7,1710,5/30/2003
42536,3642536,Hammaptera,viridifusata,161,13,from specimen,7,1710,5/30/2003
42538,3642538,Hammaptera,sp nr vanonaria,161,14,from specimen,7,1710,2/15/2004
42539,3642539,Certima,planaria,161,13,from specimen,5,1070,3/14/2004
42540,3642540,Sabulodes,setosa,161,13,from specimen,5,1070,3/14/2004
42541,3642541,Thysanopyga,carfinia,161,14,from specimen,7,1710,3/18/2004
42542,3642542,Xanthoroe,discataria,161,14,from specimen,7,1710,5/30/2003
42543,3642543,"Trocherateina""",cachara,161,14,from specimen,7,1710,3/18/2004
42544,3642544,Microxydia,sp,161,13,from specimen,7,1710,3/18/2004
42545,3642545,Certima,dositheata,161,14,from specimen,7,1710,3/18/2004
42546,3642546,Isochromodes,sp nr jodea,161,14,from specimen,8,1690,2/16/2004
42547,3642547,Isochromodes,sp,161,14,from specimen,7,1710,3/18/2004
42548,3642548,Microgonia,rhodaria,161,14,from specimen,8,1690,2/16/2004
42549,3642549,Bonatea,sp nr praeclara,161,14,from specimen,7,1710,2/15/2004
42736,3642736,Bonatea,praeclara,161,14,from specimen,7,1710,3/18/2004
42737,3642737,Herbita,sp,161,14,from specimen,7,1710,3/18/2004
42738,3642738,Bonatea,sp nr viridirufa,161,13,from specimen,5,1070,3/14/2004
42739,3642739,Prochoerodes,onustaria,161,12,from specimen,5,1070,3/14/2004
40314,3640314,Pero,sp. nr. saturata,163,17,from specimen,9,2140,4/24/2003
40315,3640315,Psaliodes,sp nr cronia,163,17,from specimen,9,2140,4/24/2003
40317,3640317,Pero,sp nr corata,163,17,from specimen,11,2725,4/27/2003
40318,3640318,Pero,sp,163,17,from specimen,12,2730,4/28/2003
40319,3640319,Pero,idola,163,15,from specimen,12,2730,4/28/2003
40320,3640320,Oxydia,agliata,163,15,from specimen,5,1070,5/22/2003
40321,3640321,Oxydia,bilinea,163,17,from specimen,10,2090,4/25/2003
40322,3640322,Oxydia,sp nr bilinea,163,17,from specimen,11,2725,4/27/2003
40323,3640323,Oxydia,sp nr affinis,163,16,from specimen,10,2090,5/19/2003
40324,3640324,Oxydia,obtusaria,163,17,from specimen,9,2140,4/24/2003
40325,3640325,Cimicodes,albicosta,163,15,from specimen,9,2140,5/18/2003
40326,3640326,Cimicodes,sp,163,16,from specimen,10,2090,4/25/2003
40327,3640327,Phyllodonta,sp nr succedens,163,17,from specimen,9,2140,5/18/2003
42476,3642476,Hygrochroma,sp nr hyalopuncta,163,17,from specimen,10,2090,2/13/2004
42477,3642477,Opisthoxia,sp,163,17,from specimen,10,2090,2/13/2004
42478,3642478,Opisthoxia,molpadia,163,17,from specimen,11,2725,2/23/2004
42480,3642480,Opisthoxia,vigilans,163,18,from specimen,11,2725,3/25/2004
42481,3642481,Opisthoxia,sp nr cassandra,163,17,from specimen,11,2725,3/25/2004
42558,3642558,Argyrotome,sp nr mira,163,16,from specimen,10,2090,3/11/2004
43750,3643750,Hypometalla,mimetata,163,17,from specimen,9,2140,2/12/2004
43751,3643751,Erebochlora,tesserulata,163,17,from specimen,9,2140,2/12/2004
43752,3643752,Bassania,sp nr olivacea,163,18,from specimen,9,2140,2/12/2004
43758,3643758,Oligopleura,aulaeata,163,18,from specimen,9,2140,2/12/2004
40380,3640380,Macaria,achetata,164,9,from specimen,2,45,4/22/2003
40381,3640381,Semiothisa,poasaria,164,9,from specimen,1,40,5/31/2003
42488,3642488,Ischnopteris,bifinita,164,8,from specimen,2,45,2/27/2004
40292,3640292,Macaria,sp,166,13,from specimen,5,1070,5/22/2003
40293,3640293,Nephodia,sp,166,13,from specimen,5,1070,5/22/2003
40294,3640294,Nephodia,sp,166,13,from specimen,5,1070,5/1/2003
40295,3640295,Nephodia,sp nr crata,166,13,from specimen,6,1115,5/23/2003
42570,3642570,Epimecis,nasica,166,13,from specimen,5,1070,2/18/2004
42594,3642594,Lomographa,argentata,167,17,from specimen,7,1710,5/30/2003
40270,3640270,Lomographa,sp nr tributaria,168,22,from specimen,10,2090,5/19/2003
40271,3640271,Leuculopsis,unifasciata,168,21,from specimen,10,2090,5/19/2003
40272,3640272,Betulodes,crebraria,168,21,from specimen,10,2090,5/19/2003
40273,3640273,Dasciopteryx,aristophilides,168,19,from specimen,9,2140,4/24/2003
40274,3640274,NACOPHORINI,sp,168,20,from specimen,9,2140,4/24/2003
40275,3640275,NACOPHORINI,sp,168,21,from specimen,9,2140,5/18/2003
40276,3640276,NACOPHORINI,sp,168,20,from specimen,9,2140,5/18/2003
40277,3640277,Stegotheca,amissa,168,21,from specimen,7,1710,5/5/2003
40278,3640278,"Ischnopteris""",sp,168,22,from specimen,10,2090,4/25/2003
42507,3642507,Melanolophia,rindgei,168,20,from specimen,9,2140,2/12/2004
42508,3642508,Eupithecia,sp,168,21,from specimen,10,2090,2/13/2004
42509,3642509,Melanolophia,bugnathos elaphra,168,21,from specimen,10,2090,2/13/2004
42510,3642510,Melanolophia,attenuata,168,22,from specimen,7,1710,5/30/2003
42511,3642511,Physocleora,sp,168,20,from specimen,7,1710,5/30/2003
42512,3642512,Melanolophia,intervallata,168,20,from specimen,7,1710,5/30/2003
42513,3642513,Pherotesia,alterata,168,21,from specimen,7,1710,3/18/2004
42514,3642514,Pherotesia,malinaria,168,21,from specimen,7,1710,3/18/2004
42515,3642515,Pherotesia,funebris,168,20,from specimen,7,1710,3/18/2004
42516,3642516,Melanoscia,sp nr ceto,168,20,from specimen,7,1710,5/30/2003
42517,3642517,Glena,hima,168,20,from specimen,8,1690,3/17/2004
42519,3642519,Physocleora,cariaria,168,20,from specimen,7,1710,3/18/2004
42520,3642520,Cathydata,sp nr batina,168,20,from specimen,7,1710,2/15/2004
42521,3642521,Bryoptera,sp nr infuscaria,168,20,from specimen,8,1690,2/16/2004
42522,3642522,Melanoscia,oreades,168,19,from specimen,7,1710,2/15/2004
42523,3642523,Bryoptera,nr subpallida,168,21,from specimen,7,1710,3/18/2004
42524,3642524,Hygrochroma,sp nr bubona,168,21,from specimen,7,1710,3/18/2004
42525,3642525,Bryoptera,subbrunnea,168,20,from specimen,7,1710,5/30/2003
42526,3642526,Melanolophia,perversa,168,21,from specimen,7,1710,3/18/2004
40290,3640290,Nephodia,coalitaria,169,15,from specimen,24,525,4/20/2003
40291,3640291,Melanolophia,azenia,169,15,from specimen,24,525,6/2/2003
42580,3642580,Neotherina,callas,169,16,from specimen,3,525,2/10/2004
42581,3642581,Euphyia,sp,169,17,from specimen,5,1070,3/14/2004
42582,3642582,Nephodia,estriada,169,16,from specimen,3,525,3/21/2004
42583,3642583,Nephodia,distincta,169,15,from specimen,3,525,2/10/2004
42584,3642584,Hymenomima,camerata,169,17,from specimen,4,550,3/22/2004
42585,3642585,Hymenomima,seriata,169,16,from specimen,5,1070,3/14/2004
42586,3642586,Physocleora,sp nr pulverata,169,15,from specimen,5,1070,2/18/2004
42587,3642587,Physocleora,sp,169,15,from specimen,3,525,2/10/2004
42588,3642588,Periclina,apricaria,169,15,from specimen,6,1115,3/15/2004
42589,3642589,Sicya,sp nr directaria,169,15,from specimen,6,1115,3/15/2004
42590,3642590,Pyrinia,sp nr helvaria,169,16,from specimen,6,1115,2/19/2004
42591,3642591,Pyrinia,sp,169,16,from specimen,6,1115,3/15/2004
42592,3642592,Pyrinia,sp,169,16,from specimen,3,525,3/21/2004
42593,3642593,Pyrinia,sanitaria,169,17,from specimen,3,525,3/21/2004
42745,3642745,Pyrinia,sp nr megara,169,16,from specimen,5,1070,3/14/2004
40335,3640335,Patalene,sp nr flavibasis,170,21,from specimen,6,1115,5/22/2003
40336,3640336,Patalene,sp nr nutriaria,170,22,from specimen,7,1710,5/5/2003
40337,3640337,Cartellodes,levis,170,22,from specimen,7,1710,5/5/2003
40338,3640338,Isochromodes,sp,170,21,from specimen,7,1710,5/5/2003
40344,3640344,Pyrinia,sp nr itunaria,170,20,from specimen,6,1115,5/23/2003
41812,3641812,Pyrinia,sp nr divalis,170,21,from specimen,7,1710,2/15/2004
41813,3641813,Pyrinia,selecta,170,21,from specimen,7,1710,2/15/2004
41815,3641815,Pyrinia,sp nr selecta,170,21,from specimen,6,1115,2/18/2004
41816,3641816,Trotocalpe,albilunata,170,20,from specimen,6,1115,2/18/2004
43770,3643770,Neazata,multistrigaria,170,23,from specimen,7,1710,3/18/2004
43784,3643784,Eusarca,sp nr minucia,170,21,from specimen,8,1690,2/16/2004
43790,3643790,Phrygionis,sp,170,21,from specimen,8,1690,2/16/2004
40501,3640501,Taeniogramma,sp nr odrussa,171,17,from specimen,8,1690,5/29/2003
42310,3642310,Eusarca,sp nr parallelaria,171,18,from specimen,6,1115,2/19/2004
40512,3640512,ENNOMINAE,sp,172,26,from specimen,6,1115,2/18/2004
41846,3641846,ENNOMINAE,sp,172,28,from specimen,7,1710,3/18/2004
40495,3640495,ENNOMINAE,sp,173,14,from specimen,2,45,4/23/2003
41220,3641220,Euphyia,sp,173,13,from specimen,3,525,4/19/2003
41221,3641221,Costalobata,belides,173,13,from specimen,3,525,4/19/2003
41222,3641222,"Metanema""",bonadea,173,14,from specimen,3,525,4/19/2003
40547,3640547,Phyllodonta,angulosa,174,20,from specimen,6,1115,5/23/2003
40559,3640559,Tmetomorpha,bitias,175,25,from specimen,12,2730,4/28/2003
40560,3640560,"Eutomopepla""",artena,175,25,from specimen,11,2725,5/26/2003
40561,3640561,Phyllodonta,sp,175,26,from specimen,11,2725,4/27/2003
42254,3642254,Acrotomodes,sp nr bola,175,27,from specimen,12,2730,2/22/2004
43800,3643800,Cirsodes,sp,175,27,from specimen,11,2725,3/25/2004
40479,3640479,Cirsodes,sp,177,20,from specimen,1,40,5/21/2003
41245,3641245,Epimecis,sp,177,21,from specimen,2,45,5/25/2003
41246,3641246,"Sabulodes""",nubifera,177,21,from specimen,3,525,6/2/2003
41247,3641247,Eusarca,sp nr asanderaria,177,20,from specimen,3,525,6/2/2003
41601,3641601,Nephodia,sp,180,21,from specimen,10,2090,5/19/2003
41602,3641602,Astyochia,faula,180,19,from specimen,10,2090,5/19/2003
41603,3641603,Leucula,meganira,180,19,from specimen,10,2090,5/19/2003
40333,3640333,Nephodia,betala,182,14,from specimen,6,1115,5/2/2003
40334,3640334,Euphyia,sp nr balteata,182,15,from specimen,6,1115,5/2/2003
40595,3640595,Dolichoneura,oxypteraria,182,17,from specimen,6,1115,5/2/2003
40742,3640742,Hydriomena,confusa,182,16,from specimen,8,1690,5/6/2003
40743,3640743,Perizoma,sp nr eudoxia,182,16,from specimen,8,1690,5/6/2003
40744,3640744,Euphyia,maxima,182,17,from specimen,5,1070,5/23/2003
40745,3640745,Anthalma,latifasciata,182,15,from specimen,5,1070,5/22/2003
40746,3640746,Spargania,sp nr subcuprea,182,15,from specimen,5,1070,5/22/2003
40747,3640747,Euphyia,sp,182,17,from specimen,6,1115,5/2/2003
40748,3640748,Hammaptera,improbaria,182,17,from specimen,8,1690,5/6/2003
40749,3640749,Hydriomena,fassli,182,15,from specimen,8,1690,5/6/2003
40750,3640750,Hydriomena,sp,182,15,from specimen,8,1690,3/17/2004
40751,3640751,Hydriomena,polyphonta,182,15,from specimen,6,1115,5/2/2003
40752,3640752,Hydriomena,sp nr confusa,182,16,from specimen,6,1115,5/23/2003
40753,3640753,Bonatea,sp nr viridilinea,182,15,from specimen,5,1070,5/23/2003
40754,3640754,Spargania,sp,182,17,from specimen,5,1070,5/23/2003
40755,3640755,Psaliodes,pomona,182,17,from specimen,6,1115,5/23/2003
40756,3640756,Chloropteryx,sp nr opalaria,182,17,from specimen,8,1690,5/6/2003
40757,3640757,Physocleora,sp,182,18,from specimen,6,1115,5/23/2003
40758,3640758,Chloropteryx,diluta,182,16,from specimen,8,1690,5/6/2003
40759,3640759,Phyllodonta,sp nr flabellaria,182,15,from specimen,8,1690,5/6/2003
40760,3640760,"Petelia""",cariblanca,182,16,from specimen,6,1115,5/2/2003
40761,3640761,Chavariella,porcius,182,17,from specimen,7,1710,5/5/2003
40762,3640762,Chavariella,semiornata,182,15,from specimen,7,1710,5/5/2003
40763,3640763,Psaliodes,sp,182,17,from specimen,6,1115,5/23/2003
40764,3640764,Synchlora,dependens megastigma,182,17,from specimen,6,1115,5/2/2003
40765,3640765,Oospila,sp nr rufilimes,182,17,from specimen,6,1115,5/23/2003
40766,3640766,Oospila,athena,182,15,from specimen,6,1115,5/23/2003
40767,3640767,Hyalochlora,antolodoxa,182,16,from specimen,6,1115,5/23/2003
40768,3640768,Hyalochlora,splendens,182,15,from specimen,8,1690,5/6/2003
41165,3641165,Chloractis,pulcherrima,182,14,from specimen,6,1115,5/22/2003
41166,3641166,Oospila,holochroa,182,16,from specimen,6,1115,5/22/2003
41167,3641167,Tetragonodes,sp,182,15,from specimen,6,1115,5/22/2003
42600,3642600,Hydriomena,sp nr cyriades,182,15,from specimen,5,1070,3/14/2004
42636,3642636,Oospila,ruptimacula,182,16,from specimen,6,1115,3/15/2004
42637,3642637,Bryoptera,sp,182,16,from specimen,5,1070,2/18/2004
42638,3642638,Eois,isographata,182,15,from specimen,5,1070,3/14/2004
43815,3643815,Phrudocentra,sp nr trimaculata,182,16,from specimen,5,1070,2/18/2004
43816,3643816,Nemoria,dorsilinea,182,16,from specimen,5,1070,2/18/2004
43817,3643817,Nemoria,strigaria,182,17,from specimen,5,1070,2/18/2004
43826,3643826,Tachyphyle,basiplaga,182,15,from specimen,6,1115,2/18/2004
43827,3643827,Pyrochlora,rhanis,182,16,from specimen,6,1115,2/18/2004
43828,3643828,Phrudocentra,sp,182,16,from specimen,6,1115,2/18/2004
43829,3643829,Phrudocentra,assa,182,17,from specimen,6,1115,2/18/2004
43830,3643830,Nemoria,gladysae,182,17,from specimen,6,1115,2/18/2004
43842,3643842,Nemoria,ozalea,182,16,from specimen,6,1115,3/15/2004
43844,3643844,Nemoria,sp,182,16,from specimen,6,1115,2/18/2004
43846,3643846,Nemoria,vermiculata,182,15,from specimen,6,1115,3/15/2004
42159,3642159,Nemoria,sp,183,12,from specimen,4,550,2/10/2004
42160,3642160,Hydata,sp,183,12,from specimen,7,1710,5/30/2003
40778,3640778,Lobocleta,sp nr subcincta,184,23,from specimen,6,1115,5/2/2003
41171,3641171,Lissochlora,albociliaria,184,22,from specimen,6,1115,5/22/2003
41172,3641172,Lissochlora,manostigma,184,24,from specimen,6,1115,5/22/2003
41173,3641173,Nemoria,toxeres,184,21,from specimen,6,1115,5/22/2003
41751,3641751,Nemoria,sp,184,22,from specimen,7,1710,5/30/2003
43849,3643849,Nemoria,sp,184,22,from specimen,5,1070,3/14/2004
43850,3643850,Nemoria,elbae,184,23,from specimen,5,1070,3/14/2004
43860,3643860,Rhodochlora,sp,184,23,from specimen,6,1115,2/18/2004
41814,3641814,Rhodochlora,rothschildi,185,22,from specimen,5,1070,2/19/2004
41831,3641831,Hydata,povera,185,21,from specimen,5,1070,2/18/2004
41094,3641094,Lissochlora,ronaldi,189,15,from specimen,3,525,6/3/2003
41929,3641929,Nemoria,florae,189,14,from specimen,26,50,3/22/2004
41930,3641930,Lissochlora,freddyi,189,14,from specimen,26,50,3/19/2004
41101,3641101,Lissochlora,sp,190,15,from specimen,6,1115,5/23/2003
41102,3641102,Lissochlora,sp,190,15,from specimen,6,1115,5/23/2003
43868,3643868,Nemoria,vinocincta,190,17,from specimen,5,1070,2/19/2004
41091,3641091,Nemoria,eugeniae,192,20,from specimen,9,2140,4/24/2003
44151,3644151,Nemoria,epaphras,192,18,from specimen,8,1690,3/17/2004
40862,3640862,Nemoria,tickelli,193,17,from specimen,24,525,4/19/2003
40873,3640873,Nemoria,adjunctaria,196,16,from specimen,4,550,4/19/2003
40876,3640876,Nemoria,cosmeta,197,20,from specimen,5,1070,5/22/2003
40819,3640819,Nemoria,remota,198,14,from specimen,3,525,4/19/2003
40820,3640820,Nemoria,sp,198,14,from specimen,5,1070,5/1/2003
41950,3641950,Nemoria,sp nr aturia,198,16,from specimen,6,1115,5/22/2003
41131,3641131,Nemoria,aturia,200,17,from specimen,4,550,4/19/2003
40836,3640836,Nemoria,punctilinea,201,12,from specimen,6,1115,5/2/2003
40837,3640837,Nemoria,saryae,201,13,from specimen,5,1070,5/22/2003
40838,3640838,Phaludia,brunneofusa,201,13,from specimen,6,1115,5/2/2003
40839,3640839,Semiothisa,sp nr valmonaria,201,14,from specimen,6,1115,5/23/2003
40840,3640840,Macaria,approximaria,201,12,from specimen,6,1115,5/2/2003
40841,3640841,"Nephodia""",auxesia,201,13,from specimen,6,1115,5/2/2003
40842,3640842,Eupithecia,sp,201,15,from specimen,7,1710,5/5/2003
41136,3641136,Acronyctodes,cautama,201,13,from specimen,6,1115,5/22/2003
41137,3641137,Thysanopyga,sp nr pygaria,201,13,from specimen,6,1115,5/22/2003
41138,3641138,Glena,sp,201,14,from specimen,6,1115,5/22/2003
41635,3641635,Thysanopyga,apicitruncaria,201,13,from specimen,6,1115,5/22/2003
41956,3641956,Dyspteris,tenuivitta,201,13,from specimen,6,1115,2/18/2004
41957,3641957,Astyochia,cetaria,201,10,from specimen,3,525,2/9/2004
41958,3641958,Dyspteris,sp,201,14,from specimen,6,1115,2/18/2004
41959,3641959,Dyspteris,sp nr tenuivitta,201,13,from specimen,5,1070,2/19/2004
41960,3641960,Dyspteris,sp,201,14,from specimen,5,1070,3/14/2004
43886,3643886,Dyspteris,sp nr tenuivitta,201,13,from specimen,5,1070,2/18/2004
43887,3643887,Spargania,cyllene,201,13,from specimen,5,1070,2/18/2004
43888,3643888,Spargania,sp nr narangilla,201,14,from specimen,5,1070,2/18/2004
43889,3643889,Spargania,myrtusaria,201,15,from specimen,5,1070,2/18/2004
43890,3643890,Spargania,sp,201,15,from specimen,5,1070,2/18/2004
43891,3643891,Costalobata,picturata,201,15,from specimen,5,1070,2/18/2004
43902,3643902,Xanthoroe,sp nr cyane,201,13,from specimen,5,1070,2/19/2004
43903,3643903,Euphyia,sp nr infundibulata,201,13,from specimen,5,1070,2/19/2004
43904,3643904,Orthonama,sp,201,14,from specimen,5,1070,2/19/2004
43905,3643905,Euphyia,sturnularia,201,14,from specimen,5,1070,2/19/2004
43906,3643906,"Thysanopyga""",nigristicta,201,15,from specimen,5,1070,2/19/2004
43917,3643917,Tmetomorpha,sp nr bitias,201,13,from specimen,5,1070,3/14/2004
43918,3643918,Herbita,sp nr tenebrica,201,14,from specimen,5,1070,3/14/2004
43919,3643919,Certima,turmalis,201,14,from specimen,5,1070,3/14/2004
43920,3643920,Iridopsis,eutiches,201,14,from specimen,5,1070,3/14/2004
43921,3643921,Lambdina,axion,201,14,from specimen,5,1070,3/14/2004
43922,3643922,Eois,numida,201,14,from specimen,5,1070,3/14/2004
43923,3643923,Mimosema,sp,201,15,from specimen,5,1070,3/14/2004
43928,3643928,Virbia,hypophaea,201,13,from specimen,5,1070,2/18/2004
43929,3643929,Hyalurga,fenestra,201,14,from specimen,5,1070,2/18/2004
43930,3643930,Hypocrita,reedia,201,14,from specimen,5,1070,2/18/2004
43931,3643931,Symphlebia,herbosa,201,14,from specimen,5,1070,2/19/2004
43932,3643932,Eucereon,sp nr consorta,201,14,from specimen,5,1070,2/19/2004
43944,3643944,Halysidota,underwoodi,201,13,from specimen,5,1070,3/14/2004
43945,3643945,Halysidota,sp nr semibrunnea,201,13,from specimen,5,1070,3/14/2004
43946,3643946,Amastus,rothschildi,201,14,from specimen,5,1070,3/14/2004
43947,3643947,Hemihyalea,celsicola,201,13,from specimen,5,1070,2/18/2004
43950,3643950,Amastus,flavicauda,201,14,from specimen,5,1070,2/19/2004
43952,3643952,Hemihyalea,asignata,201,14,from specimen,5,1070,3/14/2004
43967,3643967,Hemihyalea,schausi,201,12,from specimen,6,1115,2/18/2004
43968,3643968,Melese,flavimaculata,201,13,from specimen,6,1115,2/18/2004
43969,3643969,Opharus,sp,201,14,from specimen,6,1115,2/18/2004
43970,3643970,Amastus,rumina,201,14,from specimen,6,1115,2/18/2004
43971,3643971,Opharus,sp,201,13,from specimen,6,1115,2/19/2004
43972,3643972,Elysius,disciplaga,201,13,from specimen,6,1115,2/19/2004
43973,3643973,Elysius,superba,201,13,from specimen,6,1115,2/19/2004
43974,3643974,Calodesma,maculifrons,201,13,from specimen,6,1115,2/19/2004
43975,3643975,Melese,sp,201,13,from specimen,6,1115,2/19/2004
43976,3643976,Amaxia,bella,201,13,from specimen,6,1115,2/19/2004
43977,3643977,Amaxia,pyga,201,13,from specimen,6,1115,2/19/2004
43978,3643978,Idalus,quadratus,201,13,from specimen,6,1115,2/19/2004
43979,3643979,Idalus,critheis,201,14,from specimen,6,1115,2/19/2004
43980,3643980,Leucanopsis,sp nr strigulosa,201,14,from specimen,6,1115,2/19/2004
43981,3643981,Lophocampa,citrina,201,14,from specimen,6,1115,2/19/2004
43982,3643982,Baritius,sp nr eleuthera,201,14,from specimen,6,1115,2/19/2004
43988,3643988,Opharus,sp,201,12,from specimen,6,1115,3/15/2004
43989,3643989,Melese,sp nr endopyra,201,13,from specimen,6,1115,3/15/2004
43990,3643990,Hyponerita,rhodocraspis,201,13,from specimen,6,1115,3/15/2004
43991,3643991,Ormetica,metallica,201,14,from specimen,6,1115,3/15/2004
43992,3643992,Paranerita,lophosticta,201,14,from specimen,6,1115,3/15/2004
43993,3643993,"Halysidota""",sp nr cyclozonata,201,14,from specimen,6,1115,3/15/2004
43994,3643994,Diarhabdosia,sp,201,14,from specimen,6,1115,3/15/2004
44010,3644010,Paranerita,diversa,201,12,from specimen,6,1115,2/18/2004
44011,3644011,Epeiromulona,sp nr phelina,201,13,from specimen,6,1115,2/18/2004
44012,3644012,Rhabdatomis,sp nr cora,201,14,from specimen,6,1115,2/18/2004
44013,3644013,Illice,croesus,201,15,from specimen,6,1115,2/18/2004
44042,3644042,Talara,sp nr minynthadia,201,13,from specimen,6,1115,2/18/2004
44043,3644043,Pseudopharus,hades,201,14,from specimen,6,1115,2/18/2004
44044,3644044,"Elysius""",melanoplaga,201,14,from specimen,6,1115,2/18/2004
44045,3644045,Ammalo,helops,201,14,from specimen,6,1115,2/18/2004
44046,3644046,Agaraea,inconspicua,201,13,from specimen,6,1115,2/18/2004
40898,3640898,Agaraea,boettgeri,208,16,from specimen,7,1710,5/5/2003
42004,3642004,Ochrodota,sp nr constellata,208,18,from specimen,8,1690,2/16/2004
41972,3641972,Castrica,phalaenoides,209,18,from specimen,30,45,3/27/2004
42089,3642089,Araeomolis,sp,212,13,from specimen,26,50,3/13/2004
40877,3640877,Emurena,tripunctata,213,12,from specimen,1,40,4/18/2003
40878,3640878,Sutonocrea,reducta,213,11,from specimen,21,525,5/31/2003
40879,3640879,Selenarctia,elissoides,213,12,from specimen,2,45,5/25/2003
42106,3642106,Arctiarpia,mossi,213,12,from specimen,1,40,2/11/2004
42107,3642107,Neonerita,parapessa,213,12,from specimen,1,40,5/21/2003
42108,3642108,Evius,cochenouri,213,12,from specimen,1,40,3/16/2004
41978,3641978,Evius,sp,218,21,from specimen,6,1115,3/15/2004
40888,3640888,Zatrephes,sp nr rufescens,219,13,from specimen,7,1710,5/5/2003
42104,3642104,Eucereon,rogersi,219,15,from specimen,5,1070,3/14/2004
40892,3640892,Melese,dorothea,220,21,from specimen,7,1710,5/5/2003
40893,3640893,Ischnocampa,sp nr admeta,220,21,from specimen,10,2090,5/19/2003
40421,3640421,Phaeomolis,vampa,223,27,from specimen,9,2140,5/18/2003
40422,3640422,Melese,binotata,223,28,from specimen,10,2090,5/19/2003
41747,3641747,Melese,chiriquens,223,28,from specimen,9,2140,5/18/2003
44056,3644056,Bertholdia,fumida,223,31,from specimen,8,1690,2/16/2004
44058,3644058,Eucereon,formosa,223,29,from specimen,8,1690,2/16/2004
44062,3644062,Lophocampa,nimbifacta,223,28,from specimen,10,2090,2/13/2004
40377,3640377,Leucanopsis,flavorufa,224,12,from specimen,8,1690,5/29/2003
41269,3641269,Leucanopsis,sp nr stipulata,225,28,from specimen,25,50,6/29/2003
41267,3641267,Lophocampa,sp nr pectina,226,21,from specimen,7,1710,5/30/2003
41268,3641268,Pseudaclytia,sp,226,21,from specimen,7,1710,5/30/2003
41671,3641671,Pseudaclytia,sp,226,23,from specimen,7,1710,5/30/2003
42336,3642336,Psilopleura,dolens,226,21,from specimen,6,1115,3/15/2004
40865,3640865,CTENUCHINI,sp,227,14,from specimen,1,40,5/31/2003
42623,3642623,Chrostosoma,destricta,227,14,from specimen,30,45,3/9/2004
40591,3640591,Correbia,affinis,229,46,from specimen,7,1710,2/15/2004
40592,3640592,Correbidia,costinotata,229,45,from specimen,5,1070,2/18/2004
44081,3644081,Sauritinia,sp nr dubiosa,229,45,from specimen,5,1070,3/14/2004
44082,3644082,Mesothen,albifrons,229,46,from specimen,5,1070,3/14/2004
44087,3644087,Cosmosoma,galatea,229,46,from specimen,5,1070,2/18/2004
44088,3644088,Dycladia,sp nr vitrina,229,46,from specimen,5,1070,3/14/2004
44092,3644092,Epidesma,demonis,229,44,from specimen,6,1115,3/15/2004
44093,3644093,Epidesma,lenaeus,229,45,from specimen,6,1115,3/15/2004
44094,3644094,Epidesma,hypoleuca,229,47,from specimen,6,1115,3/15/2004
44097,3644097,Macrocneme,iole,229,45,from specimen,6,1115,2/19/2004
44098,3644098,Mesothen,montana,229,46,from specimen,6,1115,3/15/2004
41874,3641874,Epidesma,metapolia,234,30,from specimen,9,2140,2/12/2004
44112,3644112,Aclytia,gynamorpha,236,16,from specimen,31,45,3/9/2004
41897,3641897,Diaxanthia,lucinia,238,13,from specimen,5,1070,2/18/2004
41903,3641903,Loxophlebia,masa,239,16,from specimen,4,550,2/9/2004
41904,3641904,Eucereon,rosa,239,16,from specimen,5,1070,3/14/2004
41911,3641911,CTENUCHINI,sp,242,15,from specimen,29,45,3/20/2004
41948,3641948,Cosmosoma,watsoni,244,21,from specimen,7,1710,2/15/2004
41951,3641951,Agylla,sp,245,16,from specimen,5,1070,3/14/2004
41961,3641961,Agylla,sp,248,20,from specimen,27,40,2/24/2004
44147,3644147,Agylla,argentifera,251,14,from specimen,31,45,3/9/2005
44152,3644152,Agylla,sp,256,20,from specimen,31,45,5/25/2003
42019,3642019,Talara,cara,261,17,from specimen,2,45,2/24/2004
44167,3644167,Agylla,subcinerea,261,17,from specimen,31,45,3/9/2004
42020,3642020,Agylla,poasia,262,22,from specimen,5,1070,3/14/2004
42022,3642022,Euthyone,simplex,264,18,from specimen,28,40,2/27/2004
44122,3644122,Agylla,sp,266,19,from specimen,31,45,4/12/2003
42025,3642025,Agylla,nubens,267,15,from specimen,27,40,2/27/2004
40519,3640519,Agylla,sp nr submacula,269,14,from specimen,5,1070,5/22/2003
42085,3642085,Agylla,sp,274,13,from specimen,3,525,2/9/2004
42096,3642096,Agylla,subochracea,275,17,from specimen,5,1070,3/14/2004
42098,3642098,Melese,chozeba,276,15,from specimen,6,1115,2/19/2004
42114,3642114,Pachydota,drucei,277,16,from specimen,30,45,3/16/2004
42102,3642102,Eupseudosoma,bifasciata,278,23,from specimen,3,525,2/9/2004
41278,3641278,Lophocampa,modesta,279,18,from specimen,10,2090,4/25/2003
41279,3641279,Lophocampa,sp nr propinqua,279,17,from specimen,10,2090,4/25/2003
41719,3641719,Virbia,lehmanni,279,18,from specimen,10,2090,4/25/2003
42123,3642123,Bertholdia,sp nr philothera,281,15,from specimen,27,40,2/21/2004
42148,3642148,Eucereon,sp,282,16,from specimen,2,45,3/12/2004
40688,3640688,Paranerita,flexuosa,283,12,from specimen,24,525,6/2/2003
40689,3640689,Eucereon,flavicaput,283,12,from specimen,1,40,5/31/2003
42183,3642183,Agylla,sp,285,18,from specimen,27,40,2/24/2004
42189,3642189,Cloesia,digna,287,15,from specimen,2,45,2/27/2004
40261,3640261,Ichoria,lycone,288,34,from specimen,6,1115,5/2/2003
42196,3642196,Hyaleucerea,panacea,288,33,from specimen,5,1070,2/19/2004
44121,3644121,Aclytia,ventralis,290,37,from specimen,31,45,4/12/2003
42201,3642201,CTENUCHINI,sp,291,46,from specimen,4,550,2/9/2004
42203,3642203,Scena,potentia,293,50,from specimen,6,1115,3/15/2004
42216,3642216,Mesothen,dorsimacula,297,31,from specimen,5,1070,2/18/2004
41224,3641224,Epidesma,sp nr hypoleuca,304,22,from specimen,3,525,4/19/2003
41225,3641225,CTENUCHINI,sp,304,21,from specimen,4,550,4/20/2003
42285,3642285,Phaenarete,diana,307,22,from specimen,3,525,2/9/2004
42300,3642300,Gymnelia,salvini,308,20,from specimen,8,1690,2/16/2004
42312,3642312,Dycladia,correbioides,309,22,from specimen,6,1115,3/15/2004
44138,3644138,Eucereon,sp,311,26,from specimen,31,45,3/1/2004
40445,3640445,Eucereon,myrtusa,313,27,from specimen,6,1115,5/22/2003
42319,3642319,Eucereon,costaluta,314,24,from specimen,2,45,3/21/2004
42373,3642373,Opharus,roseistringa,315,11,from specimen,30,45,3/9/2004
42356,3642356,Pelochyta,sp nr cinerea,316,6,from specimen,2,45,3/21/2004
42357,3642357,Lycomorphodes,sp,316,6,from specimen,27,40,2/21/2004
42374,3642374,Munona,iridescens,317,5,from specimen,29,45,3/23/2004
42375,3642375,Symphlebia,suanoides,318,8,from specimen,28,40,3/28/2004
42381,3642381,Balbura,intervenata,321,8,from specimen,28,40,3/21/2004
42383,3642383,Amastus,episcostosia,323,6,from specimen,28,40,3/12/2004
42414,3642414,Hemihyalea,sp,326,6,from specimen,30,45,3/9/2004
42415,3642415,CTENUCHINI,sp,327,6,from specimen,26,50,3/19/2004
42416,3642416,Cosmosoma,stibosticta,327,6,from specimen,28,40,3/21/2004
42724,3642724,CTENUCHINI,sp,328,7,from specimen,30,45,3/20/2004
40316,3640316,Cosmosoma,pudica,330,14,from specimen,10,2090,5/19/2003
40361,3640361,Cosmosoma,sitiona,330,15,from specimen,7,1710,5/5/2003
40362,3640362,Belemniastis,sp nr attidates,330,15,from specimen,7,1710,5/5/2003
40363,3640363,Eucereon,zamorae,330,15,from specimen,9,2140,4/24/2003
40364,3640364,Hyaleucerea,gigantea,330,16,from specimen,10,2090,5/19/2003
40365,3640365,Eucereon,tarona,330,15,from specimen,10,2090,4/25/2003
40366,3640366,Aclytia,albistriga,330,15,from specimen,12,2730,4/28/2003
40367,3640367,Nemoria,gladysae,330,15,from specimen,10,2090,5/19/2003
40368,3640368,Nemoria,sp,330,15,from specimen,9,2140,4/24/2003
40369,3640369,Lobocleta,sp nr subcincta,330,15,from specimen,10,2090,5/19/2003
40370,3640370,Hydata,latifasciata,330,15,from specimen,10,2090,5/19/2003
40371,3640371,Lissochlora,albociliaria,330,15,from specimen,11,2725,4/27/2003
40372,3640372,Lissochlora,manostigma,330,15,from specimen,7,1710,5/5/2003
40373,3640373,Nemoria,toxeres,330,16,from specimen,11,2725,4/27/2003
42482,3642482,Nemoria,sp,330,15,from specimen,8,1690,2/16/2004
42483,3642483,Nemoria,elbae,330,15,from specimen,12,2730,3/24/2004
42484,3642484,Rhodochlora,sp,330,16,from specimen,10,2090,3/11/2004
42559,3642559,Rhodochlora,rothschildi,330,16,from specimen,10,2090,3/11/2004
42560,3642560,Lissochlora,ronaldi,330,15,from specimen,10,2090,3/11/2004
42561,3642561,Nemoria,florae,330,15,from specimen,10,2090,3/11/2004
42562,3642562,Lissochlora,sp,330,15,from specimen,10,2090,3/11/2004
42563,3642563,Nemoria,vinocincta,330,15,from specimen,12,2730,2/22/2004
42564,3642564,Nemoria,karlae,330,14,from specimen,10,2090,3/11/2004
42565,3642565,Nemoria,remota,330,16,from specimen,9,2140,2/12/2004
42566,3642566,Nemoria,saryae,330,16,from specimen,9,2140,2/12/2004
42567,3642567,Phaludia,brunneofusa,330,15,from specimen,12,2730,5/27/2003
42568,3642568,Macaria,sp,330,14,from specimen,7,1710,3/18/2004
42569,3642569,Macaria,approximaria,330,16,from specimen,10,2090,5/19/2003
42702,3642702,"Nephodia""",auxesia,332,13,from specimen,5,1070,2/18/2004
40450,3640450,Eupithecia,sp,333,24,from specimen,7,1710,5/5/2003
40818,3640818,Acronyctodes,cautama,334,23,from specimen,6,1115,5/2/2003
42338,3642338,Perissopteryx,ochreobarbipes,334,23,from specimen,6,1115,3/15/2004
42382,3642382,Glena,sp,337,8,from specimen,26,50,3/13/2004
42417,3642417,Perissopteryx,sp,339,6,from specimen,28,40,3/12/2004
42103,3642103,Thysanopyga,apicitruncaria,341,15,from specimen,5,1070,2/19/2004
44139,3644139,Dyspteris,sp,343,22,from specimen,31,45,4/19/2003
